annee,TX,NBJTX30,NBJTX35,NBJTNS20,RR,ETP,NBJRR30,NBJRR50,nb_stations,bilan_hydrique,NBJTX30_mm10,TX_mm10
1950,18.191666666666666,20.2,1.0,1.8,905.29,872.4,1.2,0.1,5,32.889999999999986,,
1951,17.298333333333332,9.6,0.4,1.0,1101.2199999999998,777.7,2.4,0.3,5,323.51999999999975,,
1952,17.881666666666668,16.8,1.6,1.8,1204.1399999999999,913.0,4.6,0.4,5,291.1399999999999,,
1953,17.982142857142858,16.142857142857142,1.2857142857142858,1.0,537.8090909090909,886.1999999999999,1.2727272727272727,0.0,7,-348.3909090909091,,
1954,17.055555555555554,4.666666666666667,0.16666666666666666,0.16666666666666666,820.0181818181819,,0.45454545454545453,0.0,6,,13.481904761904762,17.681873015873016
1955,18.461458333333333,17.875,2.25,2.25,871.1909090909091,923.8,3.090909090909091,0.18181818181818182,8,-52.60909090909081,14.214087301587304,17.811803902116402
1956,16.628124999999997,7.75,0.875,0.0,674.26,852.7,1.7,0.1,8,-178.44000000000005,13.290646258503402,17.642706916099772
1957,17.81875,15.125,3.625,3.0,697.2727272727273,871.95,0.45454545454545453,0.09090909090909091,8,-174.6772727272728,13.519940476190477,17.6647123015873
1958,17.723958333333336,16.75,0.75,0.625,998.3000000000001,865.25,2.5833333333333335,0.08333333333333333,8,133.05000000000007,13.87883597883598,17.671295194003527
1959,19.193939393939395,21.181818181818183,2.5454545454545454,1.3636363636363635,953.3909090909092,917.35,2.6363636363636362,0.18181818181818182,11,36.04090909090917,14.6091341991342,17.823559613997112
1960,18.045454545454547,10.454545454545455,0.6363636363636364,0.6363636363636364,1245.3071428571427,889.65,4.214285714285714,0.42857142857142855,11,355.65714285714273,13.634588744588745,17.808938401875903
1961,18.963194444444444,25.916666666666668,4.5,2.3333333333333335,770.3166666666666,885.8,1.0833333333333333,0.16666666666666666,12,-115.48333333333335,15.266255411255411,17.97542451298701
1962,17.525641025641026,19.0,3.230769230769231,1.6153846153846154,721.8142857142857,893.3499999999999,1.0,0.0,13,-171.53571428571422,15.48625541125541,17.93982194888445
1963,16.98205128205128,8.384615384615385,0.7692307692307693,0.7692307692307693,846.7357142857143,789.3000000000001,1.2857142857142858,0.0,13,57.4357142857142,14.710431235431235,17.83981279137529
1964,17.77051282051282,28.692307692307693,3.769230769230769,1.4615384615384615,770.38,863.5,2.8666666666666667,0.5333333333333333,13,-93.12,17.11299533799534,17.911308517871017
1965,17.2,10.538461538461538,0.6923076923076923,0.15384615384615385,1098.18125,850.25,1.875,0.125,13,247.9312500000001,16.379341491841494,17.78516268453769
1966,18.03397435897436,13.846153846153847,1.0,0.38461538461538464,1097.98125,889.85,3.625,0.3125,13,208.13125000000002,16.988956876456875,17.92574762043512
1967,17.83833333333333,21.4,1.2,0.06666666666666667,779.84375,893.35,0.875,0.125,15,-113.50625000000002,17.616456876456876,17.927705953768456
1968,17.990000000000002,12.133333333333333,2.466666666666667,2.0,907.4133333333334,880.0,2.3333333333333335,0.13333333333333333,15,27.413333333333412,17.154790209790214,17.954310120435117
1969,17.33802083333333,16.5,2.0625,2.5,993.2888888888889,853.9,3.3333333333333335,0.6111111111111112,16,139.3888888888889,16.686608391608395,17.768718264374513
1970,17.672916666666666,17.625,1.0,0.5625,755.661111111111,871.6,0.9444444444444444,0.1111111111111111,16,-115.93888888888898,17.403653846153844,17.731464476495724
1971,17.544117647058822,17.352941176470587,1.7058823529411764,0.47058823529411764,924.688888888889,854.535294117647,2.0555555555555554,0.2222222222222222,17,70.15359477124196,16.54728129713424,17.58955679675716
1972,17.041666666666664,7.0588235294117645,0.47058823529411764,0.23529411764705882,760.2157894736843,838.8117647058823,2.3684210526315788,0.631578947368421,17,-78.59597523219804,15.353163650075416,17.54115936085973
1973,17.508333333333333,19.88235294117647,2.1176470588235294,5.235294117647059,825.16,895.8294117647059,1.4,0.2,17,-70.66941176470596,16.502937405731522,17.59378756598793
1974,17.430555555555557,15.61111111111111,2.7222222222222223,0.5555555555555556,886.088888888889,902.3722222222223,2.7222222222222223,0.7777777777777778,18,-16.283333333333303,15.194817747611868,17.559791839492206
1975,17.431018518518517,16.444444444444443,4.777777777777778,3.888888888888889,774.2736842105263,882.6055555555555,1.7894736842105263,0.15789473684210525,18,-108.33187134502919,15.785416038210155,17.582893691344058
1976,18.075000000000003,26.833333333333332,3.5555555555555554,2.8333333333333335,839.3,948.4499999999999,3.0,0.4444444444444444,18,-109.14999999999998,17.084133986928105,17.58699625544662
1977,17.284259259259258,1.4444444444444444,0.0,0.05555555555555555,945.1789473684212,825.6111111111111,1.4736842105263157,0.2631578947368421,18,119.56783625731009,15.088578431372548,17.531588848039213
1978,17.109722222222224,9.444444444444445,0.05555555555555555,0.5555555555555556,817.0823529411764,858.9277777777778,1.2941176470588236,0.0,18,-41.84542483660141,14.819689542483662,17.44356107026144
1979,16.85735294117647,8.235294117647058,0.0,0.7222222222222222,1035.1000000000001,818.8611111111111,2.588235294117647,0.17647058823529413,17,216.23888888888905,13.993218954248368,17.39549428104575
1980,16.703703703703706,8.055555555555555,0.0,0.16666666666666666,818.4444444444445,798.0388888888889,1.6666666666666667,0.1111111111111111,18,20.405555555555566,13.03627450980392,17.298572984749455
1981,17.84398148148148,15.38888888888889,1.2222222222222223,2.8333333333333335,913.1647058823529,842.4722222222222,2.0,0.17647058823529413,18,70.69248366013073,12.839869281045754,17.328559368191723
1982,18.272222222222222,17.72222222222222,2.2777777777777777,2.611111111111111,1018.8894736842104,884.0166666666667,3.3157894736842106,0.3684210526315789,18,134.87280701754378,13.906209150326797,17.45161492374728
1983,18.018055555555556,19.88888888888889,1.9444444444444444,6.444444444444445,779.3000000000001,882.9611111111111,2.0,0.10526315789473684,18,-103.66111111111104,13.906862745098039,17.5025871459695
1984,17.318421052631578,14.789473684210526,0.8421052631578947,1.263157894736842,1067.6888888888889,885.2315789473685,2.611111111111111,0.2777777777777778,19,182.4573099415204,13.824699002407979,17.491373695677105
1985,17.38859649122807,18.105263157894736,1.4210526315789473,1.736842105263158,740.2588235294118,847.0,1.0588235294117647,0.058823529411764705,19,-106.74117647058824,13.99078087375301,17.48713149294806
1986,17.373245614035085,16.842105263157894,0.631578947368421,0.631578947368421,890.0222222222222,834.2473684210527,2.1666666666666665,0.3333333333333333,19,55.77485380116957,12.991658066735464,17.416956054351566
1987,17.299561403508772,22.894736842105264,4.947368421052632,4.2105263157894735,742.2526315789473,773.8789473684211,1.5789473684210527,0.2631578947368421,19,-31.62631578947378,15.136687306501548,17.418486268776515
1988,17.94254385964912,11.631578947368421,0.21052631578947367,0.7368421052631579,895.0263157894736,799.6,2.1578947368421053,0.15789473684210525,19,95.42631578947362,15.355400756793946,17.501768432519206
1989,19.51184210526316,24.736842105263158,2.6842105263157894,2.7777777777777777,672.3277777777778,933.3368421052633,2.4444444444444446,0.3888888888888889,19,-261.0090643274855,17.005555555555556,17.767217348927876
1990,18.944298245614036,27.36842105263158,6.157894736842105,5.2631578947368425,852.8157894736842,919.7526315789473,2.6842105263157894,0.6842105263157895,19,-66.93684210526317,18.936842105263157,17.991276803118907
1991,17.825877192982457,26.57894736842105,5.2631578947368425,5.7894736842105265,756.4894736842105,853.3263157894737,2.0526315789473686,0.47368421052631576,19,-96.83684210526326,20.055847953216375,17.989466374269007
1992,17.60964912280702,20.210526315789473,1.263157894736842,4.368421052631579,1001.5,825.2894736842105,4.0,0.8947368421052632,19,176.21052631578948,20.3046783625731,17.923209064327487
1993,17.745175438596494,13.368421052631579,0.47368421052631576,0.6842105263157895,973.1222222222223,836.0157894736842,2.888888888888889,0.8333333333333334,19,137.10643274853805,19.652631578947368,17.89592105263158
1994,18.594298245614038,24.05263157894737,1.1578947368421053,8.68421052631579,1053.0222222222224,862.2684210526317,3.8333333333333335,0.2777777777777778,19,190.7538011695907,20.57894736842105,18.023508771929823
1995,19.039912280701753,29.157894736842106,3.4210526315789473,9.157894736842104,873.5105263157895,916.7263157894737,0.9473684210526315,0.3157894736842105,19,-43.21578947368414,21.684210526315788,18.188640350877193
1996,18.188157894736843,23.105263157894736,1.3157894736842106,1.631578947368421,937.1210526315789,902.478947368421,2.526315789473684,0.10526315789473684,19,34.64210526315787,22.310526315789474,18.270131578947368
1997,19.601754385964913,23.0,0.6842105263157895,7.315789473684211,924.5684210526315,910.5052631578947,2.1578947368421053,0.10526315789473684,19,14.063157894736833,22.321052631578947,18.500350877192982
1998,18.647222222222222,20.0,5.5,2.3333333333333335,836.0555555555555,892.9722222222222,1.5555555555555556,0.1111111111111111,18,-56.91666666666663,23.157894736842103,18.570818713450297
1999,18.697685185185186,19.666666666666668,1.3333333333333333,6.055555555555555,945.5999999999999,882.3944444444445,2.4444444444444446,0.2222222222222222,18,63.20555555555541,22.650877192982456,18.489403021442495
2000,18.780263157894737,23.842105263157894,1.5263157894736843,2.4210526315789473,1085.842105263158,907.3526315789474,3.526315789473684,0.42105263157894735,19,178.48947368421057,22.29824561403509,18.472999512670565
2001,18.504166666666666,27.555555555555557,4.388888888888889,5.0,865.7277777777778,885.964705882353,1.2222222222222223,0.2222222222222222,18,-20.236928104575213,22.39590643274854,18.540828460038988
2002,19.06277777777778,17.333333333333332,1.4666666666666666,0.4666666666666667,723.3375,897.9599999999999,0.875,0.0,15,-174.62249999999995,22.108187134502923,18.686141325536063
2003,19.909313725490193,48.11764705882353,15.176470588235293,14.117647058823529,802.08,1002.7625,3.1333333333333333,0.26666666666666666,17,-200.6825,25.58310973512212,18.902555154225432
2004,18.6125,26.944444444444443,2.2222222222222223,5.055555555555555,792.3000000000001,921.4111111111112,0.9411764705882353,0.0,18,-129.1111111111111,25.872291021671828,18.904375329664028
2005,18.816666666666666,34.3125,7.5625,5.625,653.6125,971.775,0.5625,0.0,16,-318.1625,26.387751547987612,18.88205076826052
2006,19.3656862745098,37.294117647058826,8.411764705882353,10.294117647058824,834.0823529411764,939.2294117647059,2.235294117647059,0.23529411764705882,17,-105.1470588235295,27.806636996904025,18.999803606237816
2007,18.49277777777778,13.266666666666667,1.6666666666666667,1.9333333333333333,857.9266666666666,860.6933333333333,2.066666666666667,0.4,15,-2.7666666666666515,26.833303663570696,18.888905945419104
2008,18.282777777777778,12.466666666666667,0.9333333333333333,1.3333333333333333,953.3133333333334,873.7466666666667,1.4,0.06666666666666667,15,79.56666666666672,26.07997033023736,18.852461500974663
2009,19.15277777777778,26.266666666666666,4.2,3.066666666666667,899.6133333333333,967.74,2.066666666666667,0.2,15,-68.12666666666667,26.739970330237362,18.897970760233918
2010,17.951785714285712,23.928571428571427,2.9285714285714284,3.4285714285714284,790.8142857142857,958.2428571428571,1.3571428571428572,0.0,14,-167.42857142857144,26.748616946778707,18.815123015873016
2011,19.860714285714288,22.357142857142858,3.5,3.9285714285714284,629.8571428571429,982.5357142857143,1.0,0.07142857142857142,14,-352.67857142857144,26.228775676937442,18.95077777777778
2012,18.753846153846155,28.615384615384617,6.846153846153846,3.230769230769231,824.7769230769231,945.3461538461538,1.7692307692307692,0.23076923076923078,13,-120.56923076923067,27.35698080514257,18.919884615384614
2013,18.269871794871793,31.076923076923077,3.1538461538461537,6.615384615384615,1018.6153846153846,907.2923076923076,2.769230769230769,0.6923076923076923,13,111.323076923077,25.652908406952527,18.755940422322773
2014,19.63888888888889,14.25,0.8333333333333334,2.5833333333333335,993.8833333333333,958.7363636363636,1.9166666666666667,0.08333333333333333,12,35.14696969696968,24.38346396250808,18.858579311211663
2015,19.454166666666666,30.25,6.333333333333333,4.833333333333333,641.1666666666666,957.3083333333334,1.25,0.08333333333333333,12,-316.14166666666677,23.97721396250808,18.922329311211662
2016,19.10972222222222,30.333333333333332,9.0,4.0,870.625,927.7181818181817,2.3333333333333335,0.08333333333333333,12,-57.09318181818173,23.28113553113553,18.89673290598291
2017,19.425757575757576,32.90909090909091,7.181818181818182,7.7,794.89,961.2636363636364,1.8,0.4,11,-166.37363636363636,25.245377955377954,18.990030885780886
2018,19.557499999999997,36.7,5.4,7.777777777777778,910.1899999999999,968.1700000000001,2.1,0.2,10,-57.98000000000013,27.66871128871129,19.117503108003106
2019,19.629545454545454,36.45454545454545,6.909090909090909,8.545454545454545,1032.8818181818183,1000.5909090909091,3.0,0.09090909090909091,11,32.29090909090917,28.68749916749917,19.165179875679875
2020,20.066666666666666,34.9,8.0,9.555555555555555,1062.3545454545454,989.85,3.0,1.0,10,72.50454545454534,29.78464202464202,19.37666797091797
2021,18.816666666666666,17.0,0.7,4.6,874.8,926.0200000000001,1.3,0.2,10,-51.22000000000014,29.24892773892774,19.27226320901321
2022,20.822499999999998,50.5,19.6,15.0,605.98,1073.41,0.1,0.0,10,-467.43000000000006,31.437389277389276,19.479128593628595
2023,20.270833333333336,37.8,6.2,13.7,1135.8899999999999,1004.1600000000001,2.3,0.0,10,131.7299999999998,32.10969696969697,19.679224747474745
2024,19.235833333333336,19.4,3.1,7.9,997.7299999999999,899.95,2.5,0.3,10,97.77999999999986,32.62469696969697,19.638919191919193
