annee,TX,NBJTX30,NBJTX35,NBJTNS20,RR,ETP,NBJRR30,NBJRR50,bilan_hydrique,NBJTX30_mm10,TX_mm10,Autres,Inondations,Mouvements de terrain,Sécheresse / argiles,Tempêtes
1982,18.272222222222222,17.72222222222222,2.2777777777777777,2.611111111111111,1018.8894736842104,884.0166666666667,3.3157894736842106,0.3684210526315789,134.87280701754378,13.906209150326797,17.45161492374728,0,2,0,0,1
1983,18.018055555555556,19.88888888888889,1.9444444444444444,6.444444444444445,779.3000000000001,882.9611111111111,2.0,0.10526315789473684,-103.66111111111104,13.906862745098039,17.5025871459695,4,7,2,0,4
1984,17.318421052631578,14.789473684210526,0.8421052631578947,1.263157894736842,1067.6888888888889,885.2315789473685,2.611111111111111,0.2777777777777778,182.4573099415204,13.824699002407979,17.491373695677105,0,2,0,0,0
1985,17.38859649122807,18.105263157894736,1.4210526315789473,1.736842105263158,740.2588235294118,847.0,1.0588235294117647,0.058823529411764705,-106.74117647058824,13.99078087375301,17.48713149294806,0,1,0,0,0
1986,17.373245614035085,16.842105263157894,0.631578947368421,0.631578947368421,890.0222222222222,834.2473684210527,2.1666666666666665,0.3333333333333333,55.77485380116957,12.991658066735464,17.416956054351566,0,3,0,0,0
1987,17.299561403508772,22.894736842105264,4.947368421052632,4.2105263157894735,742.2526315789473,773.8789473684211,1.5789473684210527,0.2631578947368421,-31.62631578947378,15.136687306501548,17.418486268776515,0,2,0,0,0
1988,17.94254385964912,11.631578947368421,0.21052631578947367,0.7368421052631579,895.0263157894736,799.6,2.1578947368421053,0.15789473684210525,95.42631578947362,15.355400756793946,17.501768432519206,0,3,0,0,0
1989,19.51184210526316,24.736842105263158,2.6842105263157894,2.7777777777777777,672.3277777777778,933.3368421052633,2.4444444444444446,0.3888888888888889,-261.0090643274855,17.005555555555556,17.767217348927876,0,1,0,6,0
1990,18.944298245614036,27.36842105263158,6.157894736842105,5.2631578947368425,852.8157894736842,919.7526315789473,2.6842105263157894,0.6842105263157895,-66.93684210526317,18.936842105263157,17.991276803118907,0,2,0,2,0
1991,17.825877192982457,26.57894736842105,5.2631578947368425,5.7894736842105265,756.4894736842105,853.3263157894737,2.0526315789473686,0.47368421052631576,-96.83684210526326,20.055847953216375,17.989466374269007,0,0,0,7,0
1992,17.60964912280702,20.210526315789473,1.263157894736842,4.368421052631579,1001.5,825.2894736842105,4.0,0.8947368421052632,176.21052631578948,20.3046783625731,17.923209064327487,0,2,0,7,0
1993,17.745175438596494,13.368421052631579,0.47368421052631576,0.6842105263157895,973.1222222222223,836.0157894736842,2.888888888888889,0.8333333333333334,137.10643274853805,19.652631578947368,17.89592105263158,0,2,1,0,0
1994,18.594298245614038,24.05263157894737,1.1578947368421053,8.68421052631579,1053.0222222222224,862.2684210526317,3.8333333333333335,0.2777777777777778,190.7538011695907,20.57894736842105,18.023508771929823,0,0,0,0,0
1995,19.039912280701753,29.157894736842106,3.4210526315789473,9.157894736842104,873.5105263157895,916.7263157894737,0.9473684210526315,0.3157894736842105,-43.21578947368414,21.684210526315788,18.188640350877193,0,0,1,4,0
1996,18.188157894736843,23.105263157894736,1.3157894736842106,1.631578947368421,937.1210526315789,902.478947368421,2.526315789473684,0.10526315789473684,34.64210526315787,22.310526315789474,18.270131578947368,0,0,1,2,0
1997,19.601754385964913,23.0,0.6842105263157895,7.315789473684211,924.5684210526315,910.5052631578947,2.1578947368421053,0.10526315789473684,14.063157894736833,22.321052631578947,18.500350877192982,0,0,0,4,0
1998,18.647222222222222,20.0,5.5,2.3333333333333335,836.0555555555555,892.9722222222222,1.5555555555555556,0.1111111111111111,-56.91666666666663,23.157894736842103,18.570818713450297,0,1,0,1,0
1999,18.697685185185186,19.666666666666668,1.3333333333333333,6.055555555555555,945.5999999999999,882.3944444444445,2.4444444444444446,0.2222222222222222,63.20555555555541,22.650877192982456,18.489403021442495,0,3,1,0,0
2000,18.780263157894737,23.842105263157894,1.5263157894736843,2.4210526315789473,1085.842105263158,907.3526315789474,3.526315789473684,0.42105263157894735,178.48947368421057,22.29824561403509,18.472999512670565,0,1,0,0,0
2001,18.504166666666666,27.555555555555557,4.388888888888889,5.0,865.7277777777778,885.964705882353,1.2222222222222223,0.2222222222222222,-20.236928104575213,22.39590643274854,18.540828460038988,0,1,0,0,0
2002,19.06277777777778,17.333333333333332,1.4666666666666666,0.4666666666666667,723.3375,897.9599999999999,0.875,0.0,-174.62249999999995,22.108187134502923,18.686141325536063,0,1,0,5,0
2003,19.909313725490193,48.11764705882353,15.176470588235293,14.117647058823529,802.08,1002.7625,3.1333333333333333,0.26666666666666666,-200.6825,25.58310973512212,18.902555154225432,0,1,0,1,0
2004,18.6125,26.944444444444443,2.2222222222222223,5.055555555555555,792.3000000000001,921.4111111111112,0.9411764705882353,0.0,-129.1111111111111,25.872291021671828,18.904375329664028,0,0,0,0,0
2005,18.816666666666666,34.3125,7.5625,5.625,653.6125,971.775,0.5625,0.0,-318.1625,26.387751547987612,18.88205076826052,0,0,0,2,0
2006,19.3656862745098,37.294117647058826,8.411764705882353,10.294117647058824,834.0823529411764,939.2294117647059,2.235294117647059,0.23529411764705882,-105.1470588235295,27.806636996904025,18.999803606237816,0,1,0,0,0
2007,18.49277777777778,13.266666666666667,1.6666666666666667,1.9333333333333333,857.9266666666666,860.6933333333333,2.066666666666667,0.4,-2.7666666666666515,26.833303663570696,18.888905945419104,0,0,0,0,0
2008,18.282777777777778,12.466666666666667,0.9333333333333333,1.3333333333333333,953.3133333333334,873.7466666666667,1.4,0.06666666666666667,79.56666666666672,26.07997033023736,18.852461500974663,0,3,0,0,0
2009,19.15277777777778,26.266666666666666,4.2,3.066666666666667,899.6133333333333,967.74,2.066666666666667,0.2,-68.12666666666667,26.739970330237362,18.897970760233918,0,1,1,4,0
2010,17.951785714285712,23.928571428571427,2.9285714285714284,3.4285714285714284,790.8142857142857,958.2428571428571,1.3571428571428572,0.0,-167.42857142857144,26.748616946778707,18.815123015873016,0,3,0,2,0
2011,19.860714285714288,22.357142857142858,3.5,3.9285714285714284,629.8571428571429,982.5357142857143,1.0,0.07142857142857142,-352.67857142857144,26.228775676937442,18.95077777777778,0,1,0,4,0
2012,18.753846153846155,28.615384615384617,6.846153846153846,3.230769230769231,824.7769230769231,945.3461538461538,1.7692307692307692,0.23076923076923078,-120.56923076923067,27.35698080514257,18.919884615384614,0,0,0,2,0
2013,18.269871794871793,31.076923076923077,3.1538461538461537,6.615384615384615,1018.6153846153846,907.2923076923076,2.769230769230769,0.6923076923076923,111.323076923077,25.652908406952527,18.755940422322773,0,2,1,0,0
2014,19.63888888888889,14.25,0.8333333333333334,2.5833333333333335,993.8833333333333,958.7363636363636,1.9166666666666667,0.08333333333333333,35.14696969696968,24.38346396250808,18.858579311211663,0,0,0,0,0
2015,19.454166666666666,30.25,6.333333333333333,4.833333333333333,641.1666666666666,957.3083333333334,1.25,0.08333333333333333,-316.14166666666677,23.97721396250808,18.922329311211662,0,0,0,2,0
2016,19.10972222222222,30.333333333333332,9.0,4.0,870.625,927.7181818181817,2.3333333333333335,0.08333333333333333,-57.09318181818173,23.28113553113553,18.89673290598291,0,0,0,0,0
2017,19.425757575757576,32.90909090909091,7.181818181818182,7.7,794.89,961.2636363636364,1.8,0.4,-166.37363636363636,25.245377955377954,18.990030885780886,0,0,0,2,0
2018,19.557499999999997,36.7,5.4,7.777777777777778,910.1899999999999,968.1700000000001,2.1,0.2,-57.98000000000013,27.66871128871129,19.117503108003106,0,2,0,1,0
2019,19.629545454545454,36.45454545454545,6.909090909090909,8.545454545454545,1032.8818181818183,1000.5909090909091,3.0,0.09090909090909091,32.29090909090917,28.68749916749917,19.165179875679875,0,0,0,0,0
2020,20.066666666666666,34.9,8.0,9.555555555555555,1062.3545454545454,989.85,3.0,1.0,72.50454545454534,29.78464202464202,19.37666797091797,0,2,0,1,0
2021,18.816666666666666,17.0,0.7,4.6,874.8,926.0200000000001,1.3,0.2,-51.22000000000014,29.24892773892774,19.27226320901321,0,3,0,1,0
2022,20.822499999999998,50.5,19.6,15.0,605.98,1073.41,0.1,0.0,-467.43000000000006,31.437389277389276,19.479128593628595,0,3,0,2,0
2023,20.270833333333336,37.8,6.2,13.7,1135.8899999999999,1004.1600000000001,2.3,0.0,131.7299999999998,32.10969696969697,19.679224747474745,0,1,0,0,0
2024,19.235833333333336,19.4,3.1,7.9,997.7299999999999,899.95,2.5,0.3,97.77999999999986,32.62469696969697,19.638919191919193,0,3,0,0,0
